<?xml version="1.0" encoding="UTF-8"?>
<!DOCTYPE mapper PUBLIC "-//mybatis.org//DTD Mapper 3.0//EN" "http://mybatis.org/dtd/mybatis-3-mapper.dtd">
<mapper namespace="cn.taotao.july.mapper.BookMapper">

	<!-- 通用查询映射结果 -->
	<resultMap id="BaseResultMap" type="cn.taotao.july.pojo.Book">
		<id column="book_no" property="bookNo" />
		<result column="book_name" property="bookName" />
		<result column="book_price" property="bookPrice" />
		<result column="book_author" property="bookAuthor" />
		<result column="book_pub" property="bookPub" />
		<result column="book_count" property="bookCount" />
		<result column="book_date" property="bookDate" />
		<result column="book_pic" property="bookPic" />
		<result column="book_des" property="bookDes" />
		<result column="mng_username" property="mngUsername" />
		<result column="bt_id" property="btId" />
	</resultMap>

</mapper>
