<?xml version="1.0" encoding="UTF-8"?>
<!DOCTYPE mapper PUBLIC "-//mybatis.org//DTD Mapper 3.0//EN" "http://mybatis.org/dtd/mybatis-3-mapper.dtd">
<mapper namespace="cn.taotao.july.mapper.OrdersMapper">

	<!-- 通用查询映射结果 -->
	<resultMap id="BaseResultMap" type="cn.taotao.july.pojo.Orders">
		<id column="orders_no" property="ordersNo" />
		<result column="users_username" property="usersUsername" />
		<result column="orders_date" property="ordersDate" />
		<result column="orders_addr" property="ordersAddr" />
		<result column="orders_rename" property="ordersRename" />
		<result column="orders_phone" property="ordersPhone" />
		<result column="orders_price" property="ordersPrice" />
	</resultMap>

</mapper>
