<?xml version="1.0" encoding="UTF-8"?>
<beans xmlns="http://www.springframework.org/schema/beans"
       xmlns:xsi="http://www.w3.org/2001/XMLSchema-instance" xmlns:p="http://www.springframework.org/schema/p"
       xmlns:context="http://www.springframework.org/schema/context"
       xmlns:mvc="http://www.springframework.org/schema/mvc"
       xsi:schemaLocation="http://www.springframework.org/schema/beans http://www.springframework.org/schema/beans/spring-beans.xsd
        http://www.springframework.org/schema/mvc http://www.springframework.org/schema/mvc/spring-mvc-4.0.xsd
        http://www.springframework.org/schema/context http://www.springframework.org/schema/context/spring-context.xsd">

    <!-- 配置包扫描器 -->
    <context:component-scan base-package="cn.taotao.july.controller"></context:component-scan>
    <import resource="classpath:applicationContext-service.xml" />
    <!-- 配置注解驱动 -->
    <mvc:annotation-driven/>
    <!--<mvc:resources mapping="/assets/**" location="/WEB-INF/res/assets/"></mvc:resources>-->
    <!-- 视图解析器 -->
    <bean
            class="org.springframework.web.servlet.view.InternalResourceViewResolver">
        <property name="prefix" value="/WEB-INF/jsp/" />
        <property name="suffix" value=".jsp" />
    </bean>
    <mvc:resources mapping="/js/*" location="/js/"/>
    <mvc:resources mapping="/images/*" location="/images/"/>
    <mvc:resources mapping="/css/*" location="/css/"/>

</beans>


