<?xml version="1.0" encoding="UTF-8"?>
<beans xmlns="http://www.springframework.org/schema/beans"
       xmlns:context="http://www.springframework.org/schema/context"
       xmlns:p="http://www.springframework.org/schema/p"
       xmlns:aop="http://www.springframework.org/schema/aop"
       xmlns:tx="http://www.springframework.org/schema/tx"
       xmlns:xsi="http://www.w3.org/2001/XMLSchema-instance"
       xsi:schemaLocation="http://www.springframework.org/schema/beans
       http://www.springframework.org/schema/beans/spring-beans-4.0.xsd
	   http://www.springframework.org/schema/context
	   http://www.springframework.org/schema/context/spring-context-4.0.xsd
	   http://www.springframework.org/schema/aop
	   http://www.springframework.org/schema/aop/spring-aop-4.0.xsd
	   http://www.springframework.org/schema/tx
	   http://www.springframework.org/schema/tx/spring-tx-4.0.xsd
	   http://www.springframework.org/schema/util
	   http://www.springframework.org/schema/util/spring-util-4.0.xsd">

    <!-- 配置包扫描器 -->
    <context:component-scan base-package="cn.taotao.july.mapper"></context:component-scan>

    <!-- sqlSessionFactory 整合Mybatis -->
    <bean id="sqlSessionFactory"
          class="com.baomidou.mybatisplus.spring.MybatisSqlSessionFactoryBean">
        <!-- 数据源 -->
        <property name="dataSource" ref="dataSource"/>
        <!-- mybatis配置文件 -->
        <property name="configLocation" value="classpath:SqlMapConfig.xml"/>
    </bean>

    <bean class="org.mybatis.spring.mapper.MapperScannerConfigurer">
        <!-- 配置扫描包的路径
             如果要扫描多个包，中间使用半角逗号分隔  -->
        <property name="basePackage" value="cn.taotao.july.mapper"/>
        <!-- 使用sqlSessionFactoryBeanName -->
        <property name="sqlSessionFactoryBeanName" value="sqlSessionFactory"/>
    </bean>
    <!--数据源-->
    <bean id="dataSource" class="org.apache.commons.dbcp.BasicDataSource"
          destroy-method="close">
        <property name="driverClassName" value="${jdbc.driverClassName}"/>
        <property name="url" value="${jdbc.url}"/>
        <property name="username" value="${jdbc.username}"/>
        <property name="password" value="${jdbc.password}"/>
    </bean>
    <!--加载配置文件-->
    <context:property-placeholder location="classpath:db.properties"/>
</beans>